Expiry,Tenor,NormalVol
1Mo,1Yr,294.95
3Mo,1Yr,296.68
6Mo,1Yr,298.57
9Mo,1Yr,296.64
1Yr,1Yr,293.3
2Yr,1Yr,286.11
3Yr,1Yr,281.52
4Yr,1Yr,278.29
5Yr,1Yr,276.75
6Yr,1Yr,275.87
7Yr,1Yr,275.28
8Yr,1Yr,273.65
9Yr,1Yr,272.43
10Yr,1Yr,269.72
12Yr,1Yr,252.68
15Yr,1Yr,226.95
20Yr,1Yr,218.92
25Yr,1Yr,210.16
1Mo,2Yr,527.52
3Mo,2Yr,525.47
6Mo,2Yr,579.07
9Mo,2Yr,502.72
1Yr,2Yr,428.53
2Yr,2Yr,392.33
3Yr,2Yr,396.74
4Yr,2Yr,335.96
5Yr,2Yr,305.96
6Yr,2Yr,318.53
7Yr,2Yr,327.85
8Yr,2Yr,302.21
9Yr,2Yr,275.63
10Yr,2Yr,246.98
12Yr,2Yr,235.07
15Yr,2Yr,215.45
20Yr,2Yr,214.03
25Yr,2Yr,204.83
1Mo,3Yr,602.83
3Mo,3Yr,526.55
6Mo,3Yr,520.99
9Mo,3Yr,540.79
1Yr,3Yr,556.38
2Yr,3Yr,415.12
3Yr,3Yr,386.75
4Yr,3Yr,395.08
5Yr,3Yr,332.98
6Yr,3Yr,331.7
7Yr,3Yr,330.09
8Yr,3Yr,301.75
9Yr,3Yr,272.31
10Yr,3Yr,240.62
12Yr,3Yr,231.12
15Yr,3Yr,215.2
20Yr,3Yr,213.06
25Yr,3Yr,203.78
1Mo,4Yr,539.0
3Mo,4Yr,598.62
6Mo,4Yr,522.69
9Mo,4Yr,515.57
1Yr,4Yr,507.86
2Yr,4Yr,521.62
3Yr,4Yr,413.24
4Yr,4Yr,394.27
5Yr,4Yr,423.17
6Yr,4Yr,370.3
7Yr,4Yr,311.27
8Yr,4Yr,287.34
9Yr,4Yr,263.18
10Yr,4Yr,238.07
12Yr,4Yr,229.23
15Yr,4Yr,214.66
20Yr,4Yr,212.05
25Yr,4Yr,202.92
1Mo,5Yr,542.3
3Mo,5Yr,538.65
6Mo,5Yr,591.27
9Mo,5Yr,550.61
1Yr,5Yr,512.19
2Yr,5Yr,489.08
3Yr,5Yr,499.78
4Yr,5Yr,435.82
5Yr,5Yr,478.78
6Yr,5Yr,410.49
7Yr,5Yr,293.17
8Yr,5Yr,274.32
9Yr,5Yr,255.67
10Yr,5Yr,236.48
12Yr,5Yr,227.99
15Yr,5Yr,214.1
20Yr,5Yr,210.97
25Yr,5Yr,202.34
1Mo,7Yr,620.62
3Mo,7Yr,590.22
6Mo,7Yr,540.24
9Mo,7Yr,535.85
1Yr,7Yr,530.87
2Yr,7Yr,545.65
3Yr,7Yr,476.7
4Yr,7Yr,521.51
5Yr,7Yr,348.5
6Yr,7Yr,310.3
7Yr,7Yr,271.57
8Yr,7Yr,258.99
9Yr,7Yr,246.54
10Yr,7Yr,234.0
12Yr,7Yr,228.21
15Yr,7Yr,217.86
20Yr,7Yr,214.08
25Yr,7Yr,202.8
1Mo,10Yr,642.78
3Mo,10Yr,753.58
6Mo,10Yr,605.31
9Mo,10Yr,532.02
1Yr,10Yr,461.73
2Yr,10Yr,456.85
3Yr,10Yr,365.05
4Yr,10Yr,357.36
5Yr,10Yr,304.02
6Yr,10Yr,280.38
7Yr,10Yr,257.14
8Yr,10Yr,248.12
9Yr,10Yr,239.16
10Yr,10Yr,230.19
12Yr,10Yr,226.45
15Yr,10Yr,218.45
20Yr,10Yr,214.79
25Yr,10Yr,202.38
1Mo,12Yr,726.85
3Mo,12Yr,775.66
6Mo,12Yr,622.7
9Mo,12Yr,527.06
1Yr,12Yr,434.16
2Yr,12Yr,428.13
3Yr,12Yr,352.04
4Yr,12Yr,334.59
5Yr,12Yr,292.72
6Yr,12Yr,273.68
7Yr,12Yr,255.1
8Yr,12Yr,247.29
9Yr,12Yr,239.56
10Yr,12Yr,231.86
12Yr,12Yr,228.68
15Yr,12Yr,221.15
20Yr,12Yr,216.1
25Yr,12Yr,202.31
1Mo,15Yr,853.35
3Mo,15Yr,807.94
6Mo,15Yr,647.92
9Mo,15Yr,518.27
1Yr,15Yr,389.77
2Yr,15Yr,379.32
3Yr,15Yr,330.05
4Yr,15Yr,295.82
5Yr,15Yr,274.02
6Yr,15Yr,262.55
7Yr,15Yr,251.41
8Yr,15Yr,245.58
9Yr,15Yr,239.73
10Yr,15Yr,233.79
12Yr,15Yr,231.43
15Yr,15Yr,224.72
20Yr,15Yr,217.81
25Yr,15Yr,201.41
1Mo,20Yr,402.67
3Mo,20Yr,400.97
6Mo,20Yr,398.23
9Mo,20Yr,384.7
1Yr,20Yr,371.4
2Yr,20Yr,331.13
3Yr,20Yr,304.52
4Yr,20Yr,285.32
5Yr,20Yr,271.01
6Yr,20Yr,262.59
7Yr,20Yr,254.35
8Yr,20Yr,249.73
9Yr,20Yr,245.02
10Yr,20Yr,240.22
12Yr,20Yr,237.36
15Yr,20Yr,229.89
20Yr,20Yr,222.39
25Yr,20Yr,198.85
1Mo,25Yr,374.43
3Mo,25Yr,369.76
6Mo,25Yr,362.22
9Mo,25Yr,354.65
1Yr,25Yr,347.13
2Yr,25Yr,321.85
3Yr,25Yr,302.81
4Yr,25Yr,287.86
5Yr,25Yr,276.2
6Yr,25Yr,268.14
7Yr,25Yr,260.32
8Yr,25Yr,255.75
9Yr,25Yr,251.12
10Yr,25Yr,246.35
12Yr,25Yr,244.37
15Yr,25Yr,236.78
20Yr,25Yr,223.5
25Yr,25Yr,193.41
1Mo,30Yr,370.41
3Mo,30Yr,366.58
6Mo,30Yr,360.26
9Mo,30Yr,353.79
1Yr,30Yr,347.36
2Yr,30Yr,325.04
3Yr,30Yr,307.63
4Yr,30Yr,293.64
5Yr,30Yr,282.5
6Yr,30Yr,275.09
7Yr,30Yr,267.86
8Yr,30Yr,263.68
9Yr,30Yr,259.31
10Yr,30Yr,254.72
12Yr,30Yr,250.95
15Yr,30Yr,240.62
20Yr,30Yr,221.72
25Yr,30Yr,188.23
